{"random_forest": {"allstate": {"max_depth": 6, "max_features": 0.5, "r2_val": 0.4622840715830795}, "parkinsons": {"max_depth": 6, "max_features": 1.0, "r2_val": 0.7524213096993081}, "powerplant": {"max_depth": 6, "max_features": 0.75, "r2_val": 0.9438282121672575}, "miami_housing": {"max_depth": 6, "max_features": 0.75, "r2_val": 0.8556671426021527}, "cpu_act": {"max_depth": 6, "max_features": 0.5, "r2_val": 0.9730567587088202}, "transaction": {"max_depth": 6, "max_features": 0.5, "r2_val": 0.21572899530353756}, "ca_housing": {"max_depth": 6, "max_features": 0.5, "r2_val": 0.7030792389320804}, "insurance": {"max_depth": 4, "max_features": 1.0, "r2_val": 0.8571740981122209}, "mercedes": {"max_depth": 4, "max_features": 1.0, "r2_val": 0.5878040706284025}, "abalone": {"max_depth": 6, "max_features": 1.0, "r2_val": 0.5437160079110199}, "airfoil": {"max_depth": 6, "max_features": 1.0, "r2_val": 0.78256972006629}, "concrete": {"max_depth": 6, "max_features": 1.0, "r2_val": 0.8492022821680688}, "qsar": {"max_depth": 6, "max_features": 1.0, "r2_val": 0.39048867278188115}}, "rf_plus": {"allstate": {"max_depth": 5, "max_features": 0.75, "r2_val": 0.4857347448456884}, "parkinsons": {"max_depth": 6, "max_features": 1.0, "r2_val": 0.7542152631148996}, "powerplant": {"max_depth": 6, "max_features": 0.75, "r2_val": 0.9446751731190283}, "miami_housing": {"max_depth": 6, "max_features": 1.0, "r2_val": 0.8712473379484337}, "cpu_act": {"max_depth": 6, "max_features": 0.5, "r2_val": 0.9783737223170819}, "transaction": {"max_depth": 5, "max_features": 1.0, "r2_val": 0.20406457989161803}, "ca_housing": {"max_depth": 6, "max_features": 0.75, "r2_val": 0.7221553430142867}, "insurance": {"max_depth": 4, "max_features": 1.0, "r2_val": 0.860206251420065}, "mercedes": {"max_depth": 4, "max_features": 1.0, "r2_val": 0.5894047942318578}, "abalone": {"max_depth": 6, "max_features": 0.75, "r2_val": 0.5668616306295201}, "airfoil": {"max_depth": 6, "max_features": 1.0, "r2_val": 0.7887936365206617}, "concrete": {"max_depth": 6, "max_features": 1.0, "r2_val": 0.8784921130490341}, "qsar": {"max_depth": 5, "max_features": 1.0, "r2_val": 0.3631886371350036}}, "figs": {"allstate": {"max_rules": 60, "max_trees": 20, "max_features": 0.75, "r2_val": 0.5069910874821875}, "parkinsons": {"max_rules": 60, "max_trees": 20, "max_features": 0.75, "r2_val": 0.8825121344810796}, "powerplant": {"max_rules": 60, "max_trees": 20, "max_features": 0.5, "r2_val": 0.9374676393991448}, "miami_housing": {"max_rules": 60, "max_trees": 20, "max_features": 1.0, "r2_val": 0.8621672423479977}, "cpu_act": {"max_rules": 60, "max_trees": 20, "max_features": 1.0, "r2_val": 0.9773946580799491}, "transaction": {"max_rules": 60, "max_trees": 20, "max_features": 0.75, "r2_val": -0.09348332723359438}, "ca_housing": {"max_rules": 60, "max_trees": 20, "max_features": 1.0, "r2_val": 0.7815641252184437}, "insurance": {"max_rules": 60, "max_trees": 20, "max_features": 0.5, "r2_val": 0.7879054740134631}, "mercedes": {"max_rules": 60, "max_trees": 20, "max_features": 0.75, "r2_val": 0.4982606945129011}, "abalone": {"max_rules": 60, "max_trees": 20, "max_features": 0.75, "r2_val": 0.4310555732638309}, "airfoil": {"max_rules": 60, "max_trees": 20, "max_features": 1.0, "r2_val": 0.8418877912337767}, "concrete": {"max_rules": 60, "max_trees": 20, "max_features": 1.0, "r2_val": 0.8820219424565234}, "qsar": {"max_rules": 60, "max_trees": 20, "max_features": 1.0, "r2_val": 0.21637869968198498}}, "xgboost": {"allstate": {"max_depth": 5, "r2_val": 0.56880074550301}, "parkinsons": {"max_depth": 6, "r2_val": 0.8943154947685432}, "powerplant": {"max_depth": 6, "r2_val": 0.9619338164422656}, "miami_housing": {"max_depth": 5, "r2_val": 0.9154602004150789}, "cpu_act": {"max_depth": 4, "r2_val": 0.9833557963371277}, "transaction": {"max_depth": 4, "r2_val": 0.12749623951140837}, "ca_housing": {"max_depth": 6, "r2_val": 0.8258611965361391}, "insurance": {"max_depth": 4, "r2_val": 0.814687698692056}, "mercedes": {"max_depth": 4, "r2_val": 0.5457945775010881}, "abalone": {"max_depth": 4, "r2_val": 0.5052047848701477}, "airfoil": {"max_depth": 6, "r2_val": 0.9363278907330399}, "concrete": {"max_depth": 4, "r2_val": 0.9152923336616308}, "qsar": {"max_depth": 4, "r2_val": 0.40006738901138306}}, "resnet": {"miami_housing": {"n_epochs": 200, "r2_val": 0.8335230025572364}, "ca_housing": {"n_epochs": 200, "r2_val": 0.7108938926826326}, "concrete": {"n_epochs": 100, "r2_val": 0.5756088074295108}, "powerplant": {"n_epochs": 200, "r2_val": 0.9291184240041794}, "parkinsons": {"n_epochs": 100, "r2_val": 0.8453877042791884}, "insurance": {"n_epochs": 100, "r2_val": 0.6193256156088197}, "abalone": {"n_epochs": 200, "r2_val": 0.39101495742797854}, "airfoil": {"n_epochs": 100, "r2_val": 0.35768165935684787}, "qsar": {"n_epochs": 200, "r2_val": 0.1023605465888977}, "cpu_act": {"n_epochs": 100, "r2_val": 0.9514864563941956}}, "ft_transformer": {"powerplant": {"n_epochs": 200, "r2_val": 0.9336203155525509}, "miami_housing": {"n_epochs": 100, "r2_val": 0.8532076207192454}, "insurance": {"n_epochs": 200, "r2_val": 0.6814996945201638}, "abalone": {"n_epochs": 100, "r2_val": 0.44565123319625854}, "parkinsons": {"n_epochs": 100, "r2_val": 0.8442809764311544}, "cpu_act": {"n_epochs": 200, "r2_val": 0.9749787211418152}, "ca_housing": {"n_epochs": 200, "r2_val": 0.7175731868584732}, "concrete": {"n_epochs": 200, "r2_val": 0.6545138020010774}, "airfoil": {"n_epochs": 200, "r2_val": 0.38982354812794223}}}