,Model,Train R2,Test R2,Train Time,Total Num Features,Num Selected Features
0,"(bin3, true, train)",0.7205340201976322,0.6574147369085022,129.88405561447144,27727,1143
1,"(bit3, true, train)",0.6844520091350048,0.6203295060835905,12.115290880203247,2325,847
2,"(bit4, true, train)",0.763436842677652,0.5871610736298449,37.0320098400116,5489,1507
