,Model,Train R2,Test R2,Train Time,Total Num Features,Num Selected Features
0,"(bin3, true, train)",0.7200538210904825,0.6529220875039627,111.51712417602539,26326,1079
1,"(bit3, true, train)",0.6851725316681838,0.638330791488658,15.128551721572876,2325,838
2,"(bit4, true, train)",0.762900224240514,0.5583019085674368,38.69503593444824,5489,1683
