,Model,Train R2,Test R2,Train Time,Total Num Features,Num Selected Features
0,"(bin3, true, train)",0.7143091520718917,0.6654724440865822,106.25787281990051,26326,1138
1,"(bit3, true, train)",0.676818181015028,0.6288175490010539,13.914872646331787,2325,804
2,"(bit4, true, train)",0.7534330646165204,0.5864291522037759,31.794980764389038,5489,1499
