,Model,Train R2,Val R2,Test R2,Train Time,Total Num Features,Num Selected Features
0,"(bit, orig, train)",0.7329951081875996,0.6800937013117329,0.6991168884375021,252.83689785003662,5489,1220
1,"(bit, bit, train)",0.7224308168411397,0.6748555634829116,0.6989265832774668,114.00746417045593,5489,730
2,"(bit, orig, val)",0.6342071278367987,0.6722186375526749,0.632284959112468,34.602076053619385,5489,351
3,"(bit, bit, val)",0.6935630210030463,0.678055498463886,0.6818529768013806,12.745239019393921,5489,659
4,"(bit, orig, train+val)",0.7284567598561154,0.7031206291885256,0.7027449552686529,333.26073718070984,5489,1196
5,"(bit, bit, train+val)",0.7200622173742295,0.6774554828226405,0.6993892814131595,142.02677011489868,5489,744
6,FTTransformer,0.8677874353685944,0.8135824161465675,0.8136428914009604,-1.0,-1,-1
7,FTTransformer bit,0.7674673020998164,0.6966370541221301,0.7219708221317906,-1.0,-1,-1
