,Model,Train R2,Val R2,Test R2,Train Time,Total Num Features,Num Selected Features
0,"(bin, orig, train)",0.7222605482953051,0.6774444727738023,0.654758128089608,176.0716633796692,26326,1101
1,"(bin, bin, train)",0.6704038456138015,0.666327053527569,0.6378918089582402,76.5538489818573,26326,428
2,"(bin, orig, val)",0.6285208746948487,0.6739056686326833,0.6063112907324115,42.86532139778137,26326,330
3,"(bin, bin, val)",0.6555764652533204,0.666614865273752,0.6281100751806141,20.240203380584717,26326,430
4,"(bin, orig, train+val)",0.7166792627146639,0.6975572112595407,0.6580461742871115,132.62071990966797,26326,1084
5,"(bin, bin, train+val)",0.669362163920475,0.6677744368036213,0.6368722268582289,64.4702525138855,26326,432
6,FTTransformer,0.9146318986504008,0.821157274279336,0.813738146804445,-1.0,-1,-1
7,FTTransformer bin,0.7043323457357877,0.6805017469008394,0.6614423034725717,-1.0,-1,-1
