,Model,Train R2,Test R2,Train Time,Total Num Features,Num Selected Features
0,"(bin3, true, train)",0.7071717158694022,0.6341119608128045,116.26565909385681,26326,834
1,"(bit3, true, train)",0.6774167494078934,0.6255197886495278,16.926892280578613,2325,670
2,"(bit4, true, train)",0.7538746076146384,0.5456105404293717,38.68697214126587,5489,1535
