,Model,Train R2,Test R2,Train Time,Total Num Features,Num Selected Features
0,"(bin3, true, train)",0.7078764651597356,0.6211381164615193,288.7761013507843,26326,999
1,"(bit3, true, train)",0.674444187061322,0.5897912794350241,25.88972759246826,2325,629
2,"(bit4, true, train)",0.7494104453975751,0.4291755581204899,55.18929886817932,5489,1428
