,Model,Train R2,Val R2,Test R2,Train Time,Total Num Features,Num Selected Features
0,"(bin, orig, train)",0.8473207771532671,0.8322907086882623,0.8170864308166089,109.6847083568573,26326,1194
1,"(bin, bin, train)",0.8099624543394012,0.8208546828051267,0.8051700457786749,78.81814694404602,26326,678
2,"(bin, orig, val)",0.759469324797376,0.8423136772971231,0.7740704742201772,25.919259309768677,26326,391
3,"(bin, bin, val)",0.7973241611209047,0.8263837788294325,0.8002244875620335,17.793373823165894,26326,656
4,"(bin, orig, train+val)",0.8410737282934743,0.8613297753311946,0.8215355790003223,137.37505769729614,26326,1170
5,"(bin, bin, train+val)",0.8098136063417027,0.8250915475333137,0.8062147366916643,104.02560544013977,26326,689
6,FTTransformer,1.0,1.0,1.0,-1.0,-1,-1
7,FTTransformer bin,1.0,1.0,1.0,-1.0,-1,-1
