,Model,Train R2,Val R2,Test R2,Train Time,Total Num Features,Num Selected Features
0,"(bin, orig, train)",0.8165411776362143,0.8139713827496302,0.7992685882164368,94.13341617584229,2325,780
1,"(bin, bin, train)",0.7949257109570655,0.8047478652296168,0.785622036653665,38.11393094062805,2325,555
2,"(bin, orig, val)",0.7427870405935437,0.8062776126009938,0.754840164226887,8.01039719581604,2325,264
3,"(bin, bin, val)",0.7851164650784224,0.816995897117216,0.789810699825826,10.147428035736084,2325,590
4,"(bin, orig, train+val)",0.8122991396284813,0.8338110413813811,0.8027644867891279,94.06256771087646,2325,757
5,"(bin, bin, train+val)",0.794243634143643,0.8098953403295766,0.7888692844262084,53.0262815952301,2325,573
6,FTTransformer,1.0,1.0,1.0,-1.0,-1,-1
7,FTTransformer bin,1.0,1.0,1.0,-1.0,-1,-1
