,Model,Train R2,Val R2,Test R2,Train Time,Total Num Features,Num Selected Features
0,"(bin, orig, train)",0.7364681061321598,0.6660946662505967,0.6491176327851214,109.6847083568573,26326,1194
1,"(bin, bin, train)",0.7177313767031777,0.6787554602265616,0.6562874239476588,78.81814694404602,26326,678
2,"(bin, orig, val)",0.6448060515237173,0.6625448960483826,0.5928299118735312,25.919259309768677,26326,391
3,"(bin, bin, val)",0.7036282975209447,0.684572487301915,0.6545902367921517,17.793373823165894,26326,656
4,"(bin, orig, train+val)",0.7297058716901967,0.6888943033427749,0.6523797911886187,137.37505769729614,26326,1170
5,"(bin, bin, train+val)",0.7176112885470312,0.6836576799864016,0.6580839504329457,104.02560544013977,26326,689
6,FTTransformer,0.9088936666715984,0.8084447989281378,0.810800291609443,-1.0,-1,-1
7,FTTransformer bin,0.7519293910792917,0.6919660123789815,0.6729797835351805,-1.0,-1,-1
