,Model,Train R2,Val R2,Test R2,Train Time,Total Num Features,Num Selected Features
0,"(bit, orig, train)",0.7061041593982658,0.6493052444674781,0.6308338841543131,103.06187105178833,2325,780
1,"(bit, bit, train)",0.7023733512283941,0.6575776576279145,0.6405813327424126,36.40705394744873,2325,520
2,"(bit, orig, val)",0.6296298171611352,0.6276363080552014,0.5733194834078033,7.589812517166138,2325,264
3,"(bit, bit, val)",0.6916032385123453,0.6653416739989602,0.6371723510432641,6.800414562225342,2325,494
4,"(bit, orig, train+val)",0.701250759789422,0.6639147078171141,0.6312196374987805,93.33542776107788,2325,757
5,"(bit, bit, train+val)",0.7013690811021045,0.6606392168187067,0.6419618516555596,43.65486240386963,2325,505
6,FTTransformer,0.9088936666715984,0.8084447989281378,0.810800291609443,-1.0,-1,-1
7,FTTransformer bit,0.7463381222922458,0.6907591217114275,0.6688696899428003,-1.0,-1,-1
