,Model,Train R2,Val R2,Test R2,Train Time,Total Num Features,Num Selected Features
0,"(bit, orig, train)",0.8165411776362143,0.8139713827496302,0.7992685882164368,87.44689774513245,2325,780
1,"(bit, bit, train)",0.7982971764286833,0.8081202888862895,0.7879216875811177,29.508575439453125,2325,520
2,"(bit, orig, val)",0.7427870405935437,0.8062776126009938,0.754840164226887,8.2091383934021,2325,264
3,"(bit, bit, val)",0.788321368478929,0.8160986373585575,0.786967426674168,7.6672890186309814,2325,494
4,"(bit, orig, train+val)",0.8122991396284813,0.8338110413813811,0.8027644867891279,91.605233669281,2325,757
5,"(bit, bit, train+val)",0.797433660137258,0.811363603665569,0.7898713661488338,32.864644289016724,2325,505
6,FTTransformer,1.0,1.0,1.0,-1.0,-1,-1
7,FTTransformer bit,1.0,1.0,1.0,-1.0,-1,-1
