,Model,Train R2,Val R2,Test R2,Train Time,Total Num Features,Num Selected Features
0,"(bit, orig, train)",0.8654259486260585,0.8036736224230077,0.7973057923154555,279.13806223869324,5489,1379
1,"(bit, bit, train)",0.8313493436013644,0.815103216578006,0.8070321421950676,83.2835898399353,5489,791
2,"(bit, orig, val)",0.7564385096205866,0.8459201058418667,0.7926485743234912,22.121397972106934,5489,391
3,"(bit, bit, val)",0.7822671105801697,0.8226851876559027,0.7965306998594268,11.093416452407837,5489,757
4,"(bit, orig, train+val)",0.8597967217466511,0.867418187594496,0.8303299025907267,566.3521683216095,5489,1309
5,"(bit, bit, train+val)",0.8308138247348559,0.8219605935044281,0.81020000292953,105.14300918579102,5489,831
6,FTTransformer,1.0,1.0,1.0,-1.0,-1,-1
7,FTTransformer bit,1.0,1.0,1.0,-1.0,-1,-1
