,Model,Train R2,Val R2,Test R2,Train Time,Total Num Features,Num Selected Features
0,"(bit, orig, train)",0.7061041593982652,0.6493052444674774,0.6308338841543123,87.44689774513245,2325,780
1,"(bit, bit, train)",0.7023733512283943,0.6575776576279145,0.6405813327424128,29.508575439453125,2325,520
2,"(bit, orig, val)",0.6296298171611352,0.6276363080552014,0.5733194834078033,8.2091383934021,2325,264
3,"(bit, bit, val)",0.6916032385123453,0.6653416739989602,0.6371723510432641,7.6672890186309814,2325,494
4,"(bit, orig, train+val)",0.7012507597894213,0.6639147078171135,0.6312196374987797,91.605233669281,2325,757
5,"(bit, bit, train+val)",0.7013690811021044,0.6606392168187065,0.6419618516555595,32.864644289016724,2325,505
6,FTTransformer,0.9088936666715984,0.8084447989281378,0.810800291609443,-1.0,-1,-1
7,FTTransformer bit,0.7463381222922458,0.6907591217114275,0.6688696899428003,-1.0,-1,-1
