model,train_accuracy,test_accuracy
Logistic Regression,0.8693333333333333,0.844
XGBoost,0.9706666666666667,0.836
MLP-1hidden,0.868,0.844
MLP-2hiddens,0.8756666666666667,0.84
