,Model,Train R2,Test R2,Train Time,Total Num Features,Num Selected Features
0,"(bin3, true, train)",0.707876465159738,0.6211381164615217,129.66876220703125,26326,999
1,"(bit3, true, train)",0.6744441870613218,0.5897912794350239,12.805848836898804,2325,629
2,"(bit4, true, train)",0.749410445397575,0.4291755581204898,33.22865867614746,5489,1428
